epoch,step,train_loss_step
0,4,7.139634609222412
0,9,5.6647748947143555
