{"metrics/rmse":35.20677185058594,"active_learning/iteration":2,"_step":2,"dataset_sizes/test":2664,"dataset_sizes/val":429,"dataset_sizes/train":3000,"trainer/global_step":0,"metrics/nll":8.746328353881836,"metrics/loss":4.0336192e+07,"_runtime":107.29223,"dataset_sizes/unlabeled":7229,"_wandb":{"runtime":153},"active_learning/kth_trial":0,"_timestamp":1.734831906364573e+09,"metrics/mae":30.908782958984375}