{"_runtime":74.826251,"dataset_sizes/test":2664,"metrics/nll":8.746328353881836,"active_learning/iteration":2,"active_learning/kth_trial":0,"_timestamp":1.7348321912509062e+09,"trainer/global_step":0,"metrics/loss":4.0336192e+07,"dataset_sizes/val":429,"_step":2,"dataset_sizes/train":3000,"metrics/mae":30.908782958984375,"dataset_sizes/unlabeled":7229,"metrics/rmse":35.20677185058594,"_wandb":{"runtime":116}}