{"_runtime":34.833802,"metrics/nll":8.042556762695312,"trainer/global_step":0,"active_learning/kth_trial":0,"dataset_sizes/val":429,"_step":1,"_timestamp":1.734832055266269e+09,"metrics/loss":1.5981899e+07,"dataset_sizes/train":2000,"metrics/mae":32.415916442871094,"dataset_sizes/unlabeled":8229,"_wandb":{"runtime":44},"dataset_sizes/test":2664,"metrics/rmse":36.60233688354492,"active_learning/iteration":1}